,boxscore,home_abbr,away_abbr,winning_abbr,home_odds,away_odds,safe_net_profit
0,201611010CLE,CLE,HOU,CLE,4.74,6.67,187.0
1,201611010DET,DET,NYK,DET,1.53,2.7,26.5
2,201611010IND,IND,LAL,IND,3.8,5.44,140.0
3,201611010MIA,MIA,SAC,MIA,1.44,2.6,21.999999999999996
4,201611010MIN,MIN,MEM,MIN,1.62,2.8,31.000000000000007
5,201611010NOP,NOP,MIL,MIL,1.47,2.63,-50.0
6,201611010PHI,PHI,ORL,ORL,3.05,1.84,42.00000000000001
7,201611010POR,POR,GSW,GSW,3.15,1.93,46.5
8,201611020ATL,ATL,LAL,LAL,7.67,11.0,-50.0
9,201611020BOS,BOS,CHI,BOS,1.43,2.58,21.499999999999996
10,201611020BRK,BRK,DET,BRK,2.67,1.51,-50.0
11,201611020CHO,CHO,PHI,CHO,8.87,13.0,393.49999999999994
12,201611020LAC,LAC,OKC,OKC,2.69,4.05,-50.0
13,201611020MEM,MEM,NOP,MEM,1.86,3.08,43.00000000000001
14,201611020NYK,NYK,HOU,HOU,1.03,2.14,-50.0
15,201611020PHO,PHO,POR,PHO,2.5,1.34,-50.0
16,201611020UTA,UTA,DAL,UTA,1.4,2.55,19.999999999999996
17,201611030CLE,CLE,BOS,CLE,5.93,8.34,246.5
18,201611030GSW,GSW,OKC,GSW,7.5,10.72,325.0
19,201611030MIL,MIL,IND,MIL,2.45,1.31,-50.0
20,201611030MIN,MIN,DEN,DEN,1.47,2.63,-50.0
21,201611040BRK,BRK,CHO,CHO,3.95,2.6,80.0
22,201611040CHI,CHI,NYK,NYK,2.73,4.1,-50.0
23,201611040DAL,DAL,POR,POR,2.27,1.15,7.499999999999996
24,201611040MEM,MEM,LAC,LAC,3.41,2.15,57.49999999999999
25,201611040NOP,NOP,PHO,PHO,1.24,2.37,-50.0
26,201611040TOR,TOR,MIA,TOR,2.6,3.95,80.0
27,201611040UTA,UTA,SAS,SAS,2.65,1.49,24.5
28,201611050ATL,ATL,HOU,ATL,1.4,2.55,19.999999999999996
29,201611050DET,DET,DEN,DET,1.64,2.82,31.999999999999996
30,201611050IND,IND,CHI,IND,1.52,2.69,26.0
31,201611050MIL,MIL,SAC,MIL,1.54,2.71,27.0
32,201611050OKC,OKC,MIN,OKC,1.66,2.85,32.99999999999999
33,201611050ORL,ORL,WAS,ORL,2.3,3.59,64.99999999999999
34,201611050PHI,PHI,CLE,CLE,11.0,7.67,333.5
35,201611060BOS,BOS,DEN,DEN,2.48,3.8,-50.0
36,201611060DAL,DAL,MIL,DAL,1.31,2.45,15.500000000000004
37,201611060MEM,MEM,POR,POR,2.03,2.07,-50.0
38,201611060NYK,NYK,UTA,UTA,2.33,1.2,9.999999999999998
39,201611070CHI,CHI,ORL,CHI,2.52,3.85,76.0
40,201611070CHO,CHO,IND,CHO,1.27,2.4,13.5
41,201611070GSW,GSW,NOP,GSW,21.73,51.0,1036.5
42,201611070LAC,LAC,DET,LAC,3.38,4.9,119.0
43,201611070OKC,OKC,MIA,OKC,1.97,3.2,48.5
44,201611070PHI,PHI,UTA,UTA,2.95,1.75,37.5
45,201611080BRK,BRK,MIN,BRK,2.85,1.66,-50.0
46,201611080CLE,CLE,ATL,ATL,3.05,4.5,-50.0
47,201611080MEM,MEM,DEN,MEM,1.58,2.75,29.000000000000004
48,201611080POR,POR,PHO,POR,3.38,4.9,119.0
49,201611090ATL,ATL,CHI,ATL,1.42,2.57,20.999999999999996
50,201611090CHO,CHO,UTA,CHO,1.37,2.52,18.500000000000007
51,201611090GSW,GSW,DAL,GSW,19.99,43.0,949.4999999999999
52,201611090IND,IND,PHI,IND,6.38,9.0,269.0
53,201611090LAC,LAC,POR,LAC,5.27,7.4,213.49999999999997
54,201611090NYK,NYK,BRK,NYK,2.99,4.42,99.50000000000001
55,201611090OKC,OKC,TOR,TOR,1.36,2.5,-50.0
56,201611090ORL,ORL,MIN,MIN,1.24,2.37,-50.0
57,201611090PHO,PHO,DET,PHO,2.85,1.66,-50.0
58,201611090SAS,SAS,HOU,HOU,3.65,5.25,-50.0
59,201611100DEN,DEN,GSW,GSW,3.7,2.39,69.5
60,201611100MIA,MIA,CHI,CHI,1.05,2.16,-50.0
61,201611100MIL,MIL,NOP,NOP,1.76,2.96,-50.0
62,201611110BOS,BOS,NYK,BOS,1.73,2.93,36.5
63,201611110CHO,CHO,TOR,TOR,2.1,2.0,50.0
64,201611110OKC,OKC,LAC,LAC,2.85,1.66,32.99999999999999
65,201611110ORL,ORL,UTA,UTA,2.9,1.71,35.5
66,201611110PHI,PHI,IND,PHI,3.18,1.95,-50.0
67,201611110POR,POR,SAC,POR,2.64,4.0,82.0
68,201611110SAS,SAS,DET,SAS,3.65,5.25,132.5
69,201611120ATL,ATL,PHI,ATL,15.0,26.25,700.0
70,201611120CHI,CHI,WAS,CHI,4.56,6.43,177.99999999999997
71,201611120DEN,DEN,DET,DET,1.8,3.0,-50.0
72,201611120HOU,HOU,SAS,SAS,2.26,1.14,6.999999999999995
73,201611120IND,IND,BOS,BOS,2.18,1.07,3.500000000000003
74,201611120MIA,MIA,UTA,UTA,2.17,1.06,3.0000000000000027
75,201611120MIL,MIL,MEM,MIL,1.31,2.45,15.500000000000004
76,201611120MIN,MIN,LAC,LAC,3.02,1.81,40.5
77,201611120NOP,NOP,LAL,LAL,2.04,2.06,-50.0
78,201611120PHO,PHO,BRK,BRK,1.91,3.13,-50.0
79,201611130CLE,CLE,CHO,CLE,2.69,4.05,84.5
80,201611130GSW,GSW,PHO,GSW,20.68,46.0,984.0
81,201611130MIN,MIN,LAL,MIN,1.04,2.15,2.0000000000000018
82,201611130OKC,OKC,ORL,ORL,3.9,5.57,-50.0
83,201611140DET,DET,OKC,DET,2.06,2.04,-50.0
84,201611140HOU,HOU,PHI,HOU,6.38,9.0,269.0
85,201611140IND,IND,ORL,IND,2.95,4.37,97.50000000000001
86,201611140LAC,LAC,BRK,LAC,19.5,41.0,925.0
87,201611140NOP,NOP,BOS,NOP,2.6,1.44,-50.0
88,201611140NYK,NYK,DAL,NYK,1.52,2.69,26.0
89,201611140SAS,SAS,MIA,SAS,5.73,8.05,236.50000000000003
90,201611150CLE,CLE,TOR,CLE,2.18,3.45,59.00000000000001
91,201611150MIA,MIA,ATL,ATL,3.8,2.48,74.0
92,201611150MIN,MIN,CHO,CHO,2.08,2.02,51.0
93,201611160ATL,ATL,MIL,ATL,1.86,3.08,43.00000000000001
94,201611160BOS,BOS,DAL,BOS,2.14,3.4,57.00000000000001
95,201611160DEN,DEN,PHO,DEN,1.64,2.82,31.999999999999996
96,201611160IND,IND,CLE,IND,1.32,2.46,16.000000000000004
97,201611160LAC,LAC,MEM,MEM,9.16,13.5,-50.0
98,201611160NYK,NYK,DET,NYK,1.08,2.19,4.0000000000000036
99,201611160OKC,OKC,HOU,OKC,1.25,2.38,12.5
100,201611160ORL,ORL,NOP,ORL,2.88,4.29,94.0
101,201611160PHI,PHI,WAS,PHI,4.0,2.64,-50.0
102,201611160SAC,SAC,SAS,SAS,3.2,1.97,48.5
103,201611170HOU,HOU,POR,HOU,1.88,3.1,43.99999999999999
104,201611170MIA,MIA,MIL,MIA,1.51,2.67,25.5
105,201611170MIN,MIN,PHI,MIN,6.51,9.2,275.5
106,201611170UTA,UTA,CHI,CHI,1.31,2.45,-50.0
107,201611180BOS,BOS,GSW,GSW,5.11,3.54,127.0
108,201611180CHO,CHO,ATL,CHO,1.14,2.26,6.999999999999995
109,201611180CLE,CLE,DET,CLE,3.54,5.11,127.0
110,201611180DAL,DAL,MEM,MEM,2.61,1.45,22.499999999999996
111,201611180DEN,DEN,TOR,TOR,2.61,1.45,22.499999999999996
112,201611180IND,IND,PHO,PHO,1.73,2.93,-50.0
113,201611180NOP,NOP,POR,NOP,2.09,2.01,-50.0
114,201611180OKC,OKC,BRK,OKC,4.46,6.3,173.0
115,201611190DET,DET,BOS,BOS,1.14,2.26,-50.0
116,201611190HOU,HOU,UTA,HOU,2.56,3.9,78.0
117,201611190LAC,LAC,CHI,LAC,3.05,4.5,102.49999999999999
118,201611190MEM,MEM,MIN,MEM,2.05,2.05,52.49999999999999
119,201611190MIL,MIL,GSW,GSW,5.5,3.85,142.5
120,201611190NOP,NOP,CHO,NOP,2.23,1.11,-50.0
121,201611190ORL,ORL,DAL,ORL,3.23,4.72,111.5
122,201611190PHI,PHI,PHO,PHI,2.2,1.09,-50.0
123,201611200BRK,BRK,POR,POR,2.8,1.62,31.000000000000007
124,201611200DEN,DEN,UTA,DEN,1.5,2.66,25.0
125,201611200NYK,NYK,ATL,NYK,2.9,1.71,-50.0
126,201611200OKC,OKC,IND,IND,4.04,5.75,-50.0
127,201611210CHO,CHO,MEM,MEM,1.89,3.11,-50.0
128,201611210DET,DET,HOU,HOU,2.35,1.22,10.999999999999998
129,201611210IND,IND,GSW,GSW,26.86,15.23,711.5
130,201611210LAC,LAC,TOR,LAC,3.83,5.48,141.5
131,201611210MIL,MIL,ORL,MIL,2.44,3.75,72.0
132,201611210MIN,MIN,BOS,BOS,2.1,2.0,50.0
133,201611210PHI,PHI,MIA,PHI,2.9,1.71,-50.0
134,201611210SAS,SAS,DAL,SAS,11.26,17.5,513.0
135,201611220ATL,ATL,NOP,NOP,3.28,4.78,-50.0
136,201611220DEN,DEN,CHI,DEN,2.23,1.11,-50.0
137,201611230BRK,BRK,BOS,BOS,4.05,2.69,84.5
138,201611230CHO,CHO,SAS,SAS,3.13,1.91,45.49999999999999
139,201611230CLE,CLE,POR,CLE,6.88,9.75,294.0
140,201611230DAL,DAL,LAC,LAC,7.5,5.34,217.0
141,201611230DET,DET,MIA,DET,1.69,2.88,34.5
142,201611230GSW,GSW,LAL,GSW,22.67,56.0,1083.5
143,201611230HOU,HOU,TOR,TOR,1.44,2.59,-50.0
144,201611230IND,IND,ATL,ATL,2.05,2.05,-50.0
145,201611230NOP,NOP,MIN,NOP,2.3,1.18,-50.0
146,201611230ORL,ORL,PHO,PHO,1.59,2.77,-50.0
147,201611230PHI,PHI,MEM,MEM,3.3,2.05,52.49999999999999
148,201611230SAC,SAC,OKC,SAC,1.07,2.18,3.500000000000003
149,201611250BOS,BOS,SAS,SAS,2.55,1.4,19.999999999999996
150,201611250CLE,CLE,DAL,CLE,9.44,14.0,422.0
151,201611250DEN,DEN,OKC,OKC,2.32,1.2,9.999999999999998
152,201611250DET,DET,LAC,DET,3.65,2.35,-50.0
153,201611250IND,IND,BRK,IND,1.95,3.18,47.5
154,201611250MEM,MEM,MIA,MIA,1.69,2.88,-50.0
155,201611250MIL,MIL,TOR,TOR,2.63,1.47,23.5
156,201611250NYK,NYK,CHO,NYK,2.19,1.08,-50.0
157,201611250ORL,ORL,WAS,WAS,2.28,1.16,7.9999999999999964
158,201611250PHI,PHI,CHI,CHI,5.57,3.9,145.0
159,201611250PHO,PHO,MIN,MIN,2.4,1.27,13.5
160,201611250POR,POR,NOP,POR,1.38,2.53,18.999999999999993
161,201611250SAC,SAC,HOU,HOU,2.63,1.47,23.5
162,201611260CHO,CHO,NYK,CHO,1.97,3.2,48.5
163,201611260GSW,GSW,MIN,GSW,7.04,10.0,302.0
164,201611260MIA,MIA,MEM,MEM,2.1,2.0,50.0
165,201611260OKC,OKC,DET,OKC,1.69,2.88,34.5
166,201611270BRK,BRK,SAC,SAC,2.95,1.75,37.5
167,201611270DAL,DAL,NOP,DAL,2.92,1.73,-50.0
168,201611270IND,IND,LAC,IND,8.77,6.22,-50.0
169,201611270ORL,ORL,MIL,MIL,1.15,2.27,-50.0
170,201611270PHI,PHI,CLE,CLE,8.0,5.69,234.50000000000003
171,201611270PHO,PHO,DEN,DEN,1.27,2.4,-50.0
172,201611280GSW,GSW,ATL,GSW,10.77,16.5,488.5
173,201611280MEM,MEM,CHO,CHO,2.25,1.13,6.499999999999995
174,201611280MIA,MIA,BOS,BOS,2.78,1.6,30.000000000000004
175,201611280MIN,MIN,UTA,UTA,2.37,1.24,12.0
176,201611280NYK,NYK,OKC,OKC,2.14,1.03,1.5000000000000013
177,201611280TOR,TOR,PHI,TOR,12.89,21.0,594.5
178,201611290BRK,BRK,LAC,BRK,7.25,5.16,-50.0
179,201611290CHO,CHO,DET,DET,1.45,2.61,-50.0
180,201611290MIL,MIL,CLE,MIL,4.07,2.7,-50.0
181,201611290NOP,NOP,LAL,NOP,1.95,3.18,47.5
182,201611290SAS,SAS,ORL,ORL,7.98,11.5,-50.0
183,201611300BOS,BOS,DET,DET,2.39,3.7,-50.0
184,201611300CHI,CHI,LAL,LAL,4.8,6.75,-50.0
185,201611300DAL,DAL,SAS,SAS,5.0,3.46,123.0
186,201611300DEN,DEN,MIA,MIA,2.31,3.6,-50.0
187,201611300MIN,MIN,NYK,NYK,1.55,2.72,-50.0
188,201611300OKC,OKC,WAS,OKC,1.8,3.0,40.0
189,201611300PHO,PHO,ATL,PHO,2.75,1.58,-50.0
190,201611300POR,POR,IND,POR,2.64,4.0,82.0
191,201612010BRK,BRK,MIL,MIL,3.13,1.91,45.49999999999999
192,201612010CHO,CHO,DAL,CHO,6.81,9.65,290.5
193,201612010CLE,CLE,LAC,LAC,1.49,2.65,-50.0
194,201612010GSW,GSW,HOU,HOU,5.75,8.08,-50.0
195,201612010MEM,MEM,ORL,MEM,2.7,1.53,-50.0
196,201612020ATL,ATL,DET,DET,1.07,2.18,-50.0
197,201612020BOS,BOS,SAC,BOS,2.19,3.46,59.5
198,201612020CHI,CHI,CLE,CHI,2.15,1.04,-50.0
199,201612020DEN,DEN,HOU,HOU,1.52,2.69,-50.0
200,201612020NOP,NOP,LAC,LAC,2.78,1.6,30.000000000000004
201,201612020NYK,NYK,MIN,NYK,2.44,1.3,-50.0
202,201612020PHI,PHI,ORL,ORL,2.03,2.07,-50.0
203,201612020SAS,SAS,WAS,SAS,3.58,5.15,129.0
204,201612030CHO,CHO,MIN,MIN,2.01,3.25,-50.0
205,201612030DAL,DAL,CHI,DAL,2.47,1.33,-50.0
206,201612030GSW,GSW,PHO,GSW,18.45,37.0,872.5
207,201612030MEM,MEM,LAL,MEM,1.16,2.28,7.9999999999999964
208,201612030MIL,MIL,BRK,MIL,3.26,4.75,112.99999999999999
209,201612030PHI,PHI,BOS,BOS,6.43,4.56,177.99999999999997
210,201612030POR,POR,MIA,POR,2.1,3.35,55.00000000000001
211,201612030TOR,TOR,ATL,TOR,3.11,4.57,105.5
212,201612040DET,DET,ORL,ORL,2.77,4.15,-50.0
213,201612040LAC,LAC,IND,IND,5.62,7.9,-50.0
214,201612040NYK,NYK,SAC,NYK,1.06,2.17,3.0000000000000027
215,201612050ATL,ATL,OKC,OKC,1.6,2.78,-50.0
216,201612050BRK,BRK,WAS,WAS,3.65,2.35,67.5
217,201612050CHI,CHI,POR,POR,1.54,2.71,-50.0
218,201612050DAL,DAL,CHO,CHO,2.58,1.43,21.499999999999996
219,201612050GSW,GSW,IND,GSW,9.94,14.92,447.0
220,201612050HOU,HOU,BOS,HOU,1.99,3.22,49.5
221,201612050MIL,MIL,SAS,SAS,3.5,2.22,61.00000000000001
222,201612050NOP,NOP,MEM,MEM,1.6,2.78,-50.0
223,201612050PHI,PHI,DEN,DEN,2.63,1.47,23.5
224,201612060DET,DET,CHI,DET,2.1,3.35,55.00000000000001
225,201612060MEM,MEM,PHI,MEM,2.56,3.9,78.0
226,201612060MIA,MIA,NYK,NYK,1.02,2.13,-50.0
227,201612060MIN,MIN,SAS,SAS,2.6,1.44,21.999999999999996
228,201612060UTA,UTA,PHO,UTA,2.52,3.85,76.0
229,201612070ATL,ATL,MIA,ATL,3.65,5.25,132.5
230,201612070BRK,BRK,DEN,BRK,2.79,1.61,-50.0
231,201612070CHO,CHO,DET,CHO,1.95,3.18,47.5
232,201612070DAL,DAL,SAC,SAC,2.55,1.4,19.999999999999996
233,201612070HOU,HOU,LAL,HOU,9.44,14.0,422.0
234,201612070LAC,LAC,GSW,GSW,2.65,1.49,24.5
235,201612070MIL,MIL,POR,MIL,1.12,2.24,6.000000000000005
236,201612070NYK,NYK,CLE,CLE,4.57,3.11,105.5
237,201612070ORL,ORL,BOS,BOS,2.07,2.03,51.49999999999999
238,201612080CHI,CHI,SAS,CHI,2.58,1.43,-50.0
239,201612080MEM,MEM,POR,MEM,2.4,1.27,-50.0
240,201612080NOP,NOP,PHI,PHI,2.18,3.45,-50.0
241,201612080TOR,TOR,MIN,TOR,4.16,5.9,158.0
242,201612080UTA,UTA,GSW,GSW,8.5,6.04,252.0
243,201612090BOS,BOS,TOR,TOR,1.23,2.36,-50.0
244,201612090CHO,CHO,ORL,CHO,2.44,3.75,72.0
245,201612090CLE,CLE,MIA,CLE,7.67,11.0,333.5
246,201612090DAL,DAL,IND,DAL,2.67,1.51,-50.0
247,201612090MIL,MIL,ATL,ATL,1.37,2.52,-50.0
248,201612090MIN,MIN,DET,DET,2.6,1.44,21.999999999999996
249,201612090OKC,OKC,HOU,HOU,2.14,1.03,1.5000000000000013
250,201612100CHI,CHI,MIA,CHI,3.71,5.32,135.5
251,201612100CLE,CLE,CHO,CLE,2.77,4.15,88.5
252,201612100HOU,HOU,DAL,HOU,7.04,10.0,302.0
253,201612100IND,IND,POR,IND,2.02,2.08,51.0
254,201612100LAC,LAC,NOP,LAC,10.77,16.5,488.5
255,201612100MEM,MEM,GSW,MEM,10.5,7.36,-50.0
256,201612100ORL,ORL,DEN,DEN,2.23,1.11,5.500000000000005
257,201612100SAS,SAS,BRK,SAS,13.41,22.21,620.5
258,201612100UTA,UTA,SAC,UTA,2.05,3.3,52.49999999999999
259,201612110DET,DET,PHI,PHI,6.75,9.56,-50.0
260,201612110MIN,MIN,GSW,GSW,5.9,4.16,158.0
261,201612110OKC,OKC,BOS,OKC,1.44,2.6,21.999999999999996
262,201612120DAL,DAL,DEN,DAL,2.32,1.2,-50.0
263,201612120HOU,HOU,BRK,HOU,7.98,11.5,349.0
264,201612120IND,IND,CHO,IND,2.1,2.0,-50.0
265,201612120LAC,LAC,POR,LAC,4.31,6.1,165.49999999999997
266,201612120MIA,MIA,WAS,MIA,2.18,1.07,-50.0
267,201612120SAC,SAC,LAL,SAC,3.05,4.5,102.49999999999999
268,201612130ATL,ATL,ORL,ORL,3.01,4.45,-50.0
269,201612130CHI,CHI,MIN,MIN,1.99,3.23,-50.0
270,201612130CLE,CLE,MEM,CLE,9.44,14.0,422.0
271,201612130NOP,NOP,GSW,GSW,7.2,5.12,206.0
272,201612130PHO,PHO,NYK,PHO,2.18,1.07,-50.0
273,201612140BRK,BRK,LAL,BRK,2.14,1.03,-50.0
274,201612140DAL,DAL,DET,DET,3.0,1.8,40.0
275,201612140HOU,HOU,SAC,HOU,8.61,12.55,380.5
276,201612140MEM,MEM,CLE,MEM,2.69,4.05,84.5
277,201612140MIA,MIA,IND,MIA,2.08,2.02,-50.0
278,201612140ORL,ORL,LAC,LAC,4.5,3.05,102.49999999999999
279,201612140PHI,PHI,TOR,TOR,4.5,3.05,102.49999999999999
280,201612140SAS,SAS,BOS,SAS,2.05,3.3,52.49999999999999
281,201612140UTA,UTA,OKC,UTA,2.75,4.13,87.5
282,201612150DEN,DEN,POR,DEN,1.29,2.43,14.500000000000002
283,201612150GSW,GSW,NYK,GSW,14.91,26.0,695.5
284,201612150MIL,MIL,CHI,MIL,2.02,2.08,51.0
285,201612150NOP,NOP,IND,NOP,1.27,2.4,13.5
286,201612160BOS,BOS,CHO,BOS,2.19,3.46,59.5
287,201612160CHI,CHI,MIL,MIL,2.02,3.26,-50.0
288,201612160HOU,HOU,NOP,HOU,6.65,9.4,282.5
289,201612160MEM,MEM,SAC,SAC,1.75,2.95,-50.0
290,201612160MIA,MIA,LAC,LAC,4.33,2.92,96.0
291,201612160ORL,ORL,BRK,ORL,2.67,4.03,83.5
292,201612160PHI,PHI,LAL,LAL,2.0,2.1,-50.0
293,201612160TOR,TOR,ATL,ATL,2.41,3.72,-50.0
294,201612160UTA,UTA,DAL,UTA,5.48,7.7,224.00000000000003
295,201612170ATL,ATL,CHO,CHO,1.3,2.44,-50.0
296,201612170CLE,CLE,LAL,CLE,14.32,24.45,666.0
297,201612170DEN,DEN,NYK,DEN,1.47,2.63,23.5
298,201612170DET,DET,IND,IND,1.66,2.85,-50.0
299,201612170GSW,GSW,POR,GSW,10.51,16.0,475.5
300,201612170MIN,MIN,HOU,HOU,2.4,1.27,13.5
301,201612180DAL,DAL,SAC,DAL,2.05,2.05,52.49999999999999
302,201612180MEM,MEM,UTA,UTA,2.19,1.08,4.0000000000000036
303,201612180MIA,MIA,BOS,BOS,2.7,1.53,26.5
304,201612180ORL,ORL,TOR,TOR,3.34,2.09,54.49999999999999
305,201612180PHI,PHI,BRK,PHI,1.02,2.13,1.0000000000000009
306,201612180SAS,SAS,NOP,SAS,6.38,9.0,269.0
307,201612190CHI,CHI,DET,CHI,1.17,2.29,8.499999999999996
308,201612190DEN,DEN,DAL,DEN,3.1,4.55,105.0
309,201612190IND,IND,WAS,IND,1.8,3.0,40.0
310,201612190MIN,MIN,PHO,MIN,2.18,3.45,59.00000000000001
311,201612200CHO,CHO,LAL,CHO,3.42,4.95,121.0
312,201612200GSW,GSW,UTA,GSW,7.7,11.04,335.0
313,201612200HOU,HOU,SAS,SAS,1.01,2.11,-50.0
314,201612200LAC,LAC,DEN,LAC,2.93,4.35,96.50000000000001
315,201612200MEM,MEM,BOS,BOS,2.16,1.05,2.500000000000002
316,201612200MIA,MIA,ORL,ORL,1.53,2.7,-50.0
317,201612200MIL,MIL,CLE,CLE,2.52,1.37,18.500000000000007
318,201612200NYK,NYK,IND,NYK,1.69,2.88,34.5
319,201612200PHI,PHI,NOP,NOP,2.52,1.37,18.500000000000007
320,201612200SAC,SAC,POR,SAC,2.05,2.05,52.49999999999999
321,201612210ATL,ATL,MIN,MIN,1.54,2.71,-50.0
322,201612210CHI,CHI,WAS,WAS,1.5,2.66,-50.0
323,201612210CLE,CLE,MIL,CLE,2.1,3.35,55.00000000000001
324,201612210DET,DET,MEM,MEM,2.19,3.46,-50.0
325,201612210NOP,NOP,OKC,OKC,2.18,1.07,3.500000000000003
326,201612210PHO,PHO,HOU,HOU,3.5,2.22,61.00000000000001
327,201612210POR,POR,DAL,DAL,2.11,3.37,-50.0
328,201612220BRK,BRK,GSW,GSW,12.0,8.28,363.99999999999994
329,201612220IND,IND,BOS,BOS,2.08,2.02,51.0
330,201612220LAC,LAC,SAS,LAC,2.23,1.11,-50.0
331,201612220MIA,MIA,LAL,MIA,2.14,3.4,57.00000000000001
332,201612230BOS,BOS,OKC,OKC,1.86,3.08,-50.0
333,201612230CHO,CHO,CHI,CHO,1.73,2.93,36.5
334,201612230CLE,CLE,BRK,CLE,19.5,41.0,925.0
335,201612230DEN,DEN,ATL,ATL,2.05,3.3,-50.0
336,201612230DET,DET,GSW,GSW,4.21,2.82,90.99999999999999
337,201612230LAC,LAC,DAL,DAL,1.6,2.78,-50.0
338,201612230MEM,MEM,HOU,MEM,2.5,1.36,-50.0
339,201612230MIL,MIL,WAS,MIL,1.36,2.5,18.000000000000004
340,201612230MIN,MIN,SAC,SAC,1.93,3.16,-50.0
341,201612230NOP,NOP,MIA,NOP,1.85,3.06,42.50000000000001
342,201612230ORL,ORL,LAL,ORL,1.73,2.93,36.5
343,201612230PHO,PHO,PHI,PHO,2.1,3.35,55.00000000000001
344,201612230POR,POR,SAS,SAS,2.23,1.11,5.500000000000005
345,201612250CLE,CLE,GSW,CLE,2.54,1.39,-50.0
346,201612250NYK,NYK,BOS,BOS,2.21,1.1,5.000000000000004
347,201612250OKC,OKC,MIN,OKC,1.62,2.8,31.000000000000007
348,201612260BRK,BRK,CHO,BRK,3.5,2.22,-50.0
349,201612260CHI,CHI,IND,CHI,1.24,2.37,12.0
350,201612260DET,DET,CLE,DET,1.91,3.13,45.49999999999999
351,201612260HOU,HOU,PHO,HOU,7.04,10.0,302.0
352,201612260LAC,LAC,DEN,DEN,2.75,1.58,29.000000000000004
353,201612260MIN,MIN,ATL,MIN,2.18,1.07,-50.0
354,201612260NOP,NOP,DAL,NOP,1.69,2.88,34.5
355,201612260ORL,ORL,MEM,ORL,2.5,1.36,-50.0
356,201612260POR,POR,TOR,TOR,4.25,2.85,92.5
357,201612260SAC,SAC,PHI,SAC,3.3,4.8,114.99999999999999
358,201612270BOS,BOS,MEM,BOS,2.88,4.28,94.0
359,201612270DAL,DAL,HOU,HOU,2.82,1.64,31.999999999999996
360,201612280ATL,ATL,NYK,ATL,1.8,3.0,40.0
361,201612280CHI,CHI,BRK,CHI,4.0,5.7,150.0
362,201612280DEN,DEN,MIN,DEN,1.49,2.65,24.5
363,201612280DET,DET,MIL,MIL,1.36,2.5,-50.0
364,201612280GSW,GSW,TOR,GSW,4.04,5.75,152.0
365,201612280NOP,NOP,LAC,NOP,2.07,2.03,-50.0
366,201612280ORL,ORL,CHO,CHO,2.72,1.55,27.500000000000004
367,201612280POR,POR,SAC,POR,1.09,2.2,4.5000000000000036
368,201612280SAS,SAS,PHO,SAS,5.41,7.6,220.5
369,201612290CHO,CHO,MIA,CHO,2.19,3.46,59.5
370,201612290CLE,CLE,BOS,CLE,2.35,3.65,67.5
371,201612290MEM,MEM,OKC,MEM,2.0,2.1,50.0
372,201612290PHO,PHO,TOR,PHO,4.69,3.21,-50.0
373,201612300ATL,ATL,DET,ATL,1.3,2.44,15.000000000000002
374,201612300BOS,BOS,MIA,BOS,4.12,5.85,156.0
375,201612300DEN,DEN,PHI,PHI,4.72,6.65,-50.0
376,201612300GSW,GSW,DAL,GSW,24.29,66.0,1164.5
377,201612300HOU,HOU,LAC,HOU,4.74,6.67,187.0
378,201612300IND,IND,CHI,IND,1.65,2.83,32.49999999999999
379,201612300MIN,MIN,MIL,MIN,1.06,2.17,3.0000000000000027
380,201612300NOP,NOP,NYK,NOP,1.39,2.54,19.499999999999996
381,201612300SAS,SAS,POR,SAS,4.56,6.43,177.99999999999997
382,201612310CHI,CHI,MIL,MIL,1.47,2.63,-50.0
383,201612310CHO,CHO,CLE,CLE,2.09,2.01,50.499999999999986
384,201612310HOU,HOU,NYK,HOU,7.04,10.0,302.0
385,201612310OKC,OKC,LAC,OKC,3.5,5.05,125.0
386,201612310SAC,SAC,MEM,MEM,2.15,1.04,2.0000000000000018
387,201701010ATL,ATL,SAS,ATL,3.06,1.85,-50.0
388,201701010IND,IND,ORL,IND,2.11,3.37,55.49999999999999
389,201701010MIA,MIA,DET,DET,3.72,2.41,70.5
390,201701020BRK,BRK,UTA,UTA,3.71,2.4,70.0
391,201701020CHI,CHI,CHO,CHI,2.15,1.04,-50.0
392,201701020CLE,CLE,NOP,CLE,4.0,5.7,150.0
393,201701020GSW,GSW,DEN,GSW,13.32,22.0,616.0
394,201701020HOU,HOU,WAS,HOU,2.98,4.41,99.0
395,201701020LAC,LAC,PHO,LAC,1.66,2.85,32.99999999999999
396,201701020MIL,MIL,OKC,MIL,1.11,2.23,5.500000000000005
397,201701030BOS,BOS,UTA,BOS,2.0,3.24,50.0
398,201701030DAL,DAL,WAS,DAL,1.06,2.17,3.0000000000000027
399,201701030DEN,DEN,SAC,SAC,1.47,2.63,-50.0
400,201701030DET,DET,IND,IND,1.9,3.12,-50.0
401,201701030PHI,PHI,MIN,PHI,2.93,1.73,-50.0
402,201701030PHO,PHO,MIA,PHO,1.86,3.08,43.00000000000001
403,201701040CHO,CHO,OKC,CHO,1.17,2.29,8.499999999999996
404,201701040CLE,CLE,CHI,CHI,1.64,2.82,-50.0
405,201701040GSW,GSW,POR,GSW,15.28,27.0,714.0
406,201701040LAC,LAC,MEM,LAC,2.13,1.02,-50.0
407,201701040NYK,NYK,MIL,MIL,2.57,1.42,20.999999999999996
408,201701040ORL,ORL,ATL,ATL,2.3,1.18,8.999999999999996
409,201701050DAL,DAL,PHO,PHO,2.01,3.25,-50.0
410,201701050DEN,DEN,SAS,SAS,4.05,2.69,84.5
411,201701050DET,DET,CHO,DET,1.9,3.12,44.99999999999999
412,201701050HOU,HOU,OKC,HOU,3.11,4.57,105.5
413,201701050IND,IND,BRK,IND,5.16,7.25,208.0
414,201701050NOP,NOP,ATL,ATL,1.09,2.2,-50.0
415,201701050POR,POR,LAL,POR,2.31,3.6,65.5
416,201701060BOS,BOS,PHI,BOS,4.98,7.0,199.00000000000003
417,201701060BRK,BRK,CLE,CLE,12.0,8.28,363.99999999999994
418,201701060GSW,GSW,MEM,MEM,10.51,16.0,-50.0
419,201701060MIL,MIL,NYK,NYK,1.85,3.06,-50.0
420,201701060ORL,ORL,HOU,HOU,2.85,1.66,32.99999999999999
421,201701060SAC,SAC,LAC,LAC,2.38,1.25,12.5
422,201701070BOS,BOS,NOP,BOS,2.16,3.42,58.00000000000001
423,201701070CHI,CHI,TOR,CHI,2.19,1.08,-50.0
424,201701070DAL,DAL,ATL,ATL,2.08,2.02,51.0
425,201701070IND,IND,NYK,IND,2.52,3.85,76.0
426,201701070MIN,MIN,UTA,UTA,2.88,1.69,34.5
427,201701070OKC,OKC,DEN,OKC,3.5,5.05,125.0
428,201701080BRK,BRK,PHI,PHI,1.06,2.17,-50.0
429,201701080LAC,LAC,MIA,LAC,4.0,5.7,150.0
430,201701080MEM,MEM,UTA,MEM,1.18,2.3,8.999999999999996
431,201701080MIL,MIL,WAS,WAS,2.03,2.07,-50.0
432,201701080PHO,PHO,CLE,CLE,4.9,3.38,119.0
433,201701080POR,POR,DET,DET,1.48,2.64,-50.0
434,201701080SAC,SAC,GSW,GSW,7.75,5.52,225.99999999999997
435,201701090CHI,CHI,OKC,OKC,2.18,1.07,3.500000000000003
436,201701090MIN,MIN,DAL,MIN,1.73,2.93,36.5
437,201701100BRK,BRK,ATL,ATL,4.57,3.11,105.5
438,201701100GSW,GSW,MIA,GSW,12.44,20.0,572.0
439,201701100HOU,HOU,CHO,HOU,4.08,5.8,154.0
440,201701100SAC,SAC,DET,SAC,1.29,2.43,14.500000000000002
441,201701100SAS,SAS,MIL,MIL,4.5,6.35,-50.0
442,201701100TOR,TOR,BOS,TOR,1.95,3.18,47.5
443,201701100UTA,UTA,CLE,UTA,2.05,2.05,52.49999999999999
444,201701110BOS,BOS,WAS,BOS,1.84,3.05,42.00000000000001
445,201701110LAC,LAC,ORL,LAC,4.54,6.4,177.0
446,201701110MIN,MIN,HOU,MIN,2.45,1.31,-50.0
447,201701110OKC,OKC,MEM,OKC,1.73,2.92,36.5
448,201701110PHI,PHI,NYK,PHI,2.3,1.18,-50.0
449,201701120BRK,BRK,NOP,NOP,1.17,2.29,-50.0
450,201701120DEN,DEN,IND,DEN,2.67,1.51,-50.0
451,201701120GSW,GSW,DET,GSW,9.98,15.0,449.0
452,201701120NYK,NYK,CHI,NYK,1.37,2.52,18.500000000000007
453,201701120PHO,PHO,DAL,DAL,2.32,1.2,9.999999999999998
454,201701130ATL,ATL,BOS,BOS,1.39,2.54,-50.0
455,201701130HOU,HOU,MEM,MEM,2.82,4.21,-50.0
456,201701130MIL,MIL,MIA,MIL,2.95,4.37,97.50000000000001
457,201701130MIN,MIN,OKC,MIN,2.2,1.09,-50.0
458,201701130PHI,PHI,CHO,PHI,3.13,1.91,-50.0
459,201701130POR,POR,ORL,ORL,2.64,4.0,-50.0
460,201701130SAC,SAC,CLE,CLE,3.55,2.27,63.5
461,201701130TOR,TOR,BRK,TOR,14.53,25.0,676.5
462,201701140CHI,CHI,NOP,CHI,1.44,2.59,21.999999999999996
463,201701140LAC,LAC,LAL,LAC,5.34,7.5,217.0
464,201701140PHO,PHO,SAS,PHO,10.5,7.36,-50.0
465,201701140UTA,UTA,ORL,UTA,6.71,9.5,285.5
466,201701150ATL,ATL,MIL,ATL,1.55,2.72,27.500000000000004
467,201701150BRK,BRK,HOU,HOU,21.0,12.89,594.5
468,201701150DAL,DAL,MIN,DAL,2.07,2.03,-50.0
469,201701150MEM,MEM,CHI,CHI,3.14,4.6,-50.0
470,201701150SAC,SAC,OKC,OKC,2.2,1.09,4.5000000000000036
471,201701160BOS,BOS,CHO,BOS,1.82,3.03,41.0
472,201701160DEN,DEN,ORL,DEN,2.15,3.41,57.49999999999999
473,201701160GSW,GSW,CLE,GSW,3.61,5.2,130.5
474,201701160IND,IND,NOP,IND,1.86,3.08,43.00000000000001
475,201701160LAC,LAC,OKC,LAC,3.26,4.75,112.99999999999999
476,201701160MIL,MIL,PHI,PHI,3.58,5.15,-50.0
477,201701160NYK,NYK,ATL,ATL,2.24,1.12,6.000000000000005
478,201701160PHO,PHO,UTA,UTA,3.45,2.18,59.00000000000001
479,201701170BRK,BRK,TOR,TOR,5.0,3.46,123.0
480,201701170CHI,CHI,DAL,DAL,1.8,3.0,-50.0
481,201701170MIA,MIA,HOU,MIA,3.95,2.6,-50.0
482,201701180BOS,BOS,NYK,NYK,3.58,5.15,-50.0
483,201701180CHO,CHO,POR,CHO,1.91,3.13,45.49999999999999
484,201701180DET,DET,ATL,DET,2.3,1.18,-50.0
485,201701180GSW,GSW,OKC,GSW,9.71,14.5,435.50000000000006
486,201701180HOU,HOU,MIL,HOU,2.31,3.6,65.5
487,201701180NOP,NOP,ORL,NOP,1.99,3.22,49.5
488,201701180PHI,PHI,TOR,PHI,3.26,2.02,-50.0
489,201701180SAC,SAC,IND,IND,1.25,2.38,-50.0
490,201701190CLE,CLE,PHO,CLE,5.69,8.0,234.50000000000003
491,201701190LAC,LAC,MIN,MIN,2.24,1.12,6.000000000000005
492,201701190MIA,MIA,DAL,MIA,1.07,2.18,3.500000000000003
493,201701190NYK,NYK,WAS,WAS,2.13,1.02,1.0000000000000009
494,201701200ATL,ATL,CHI,ATL,1.53,2.7,26.5
495,201701200CHO,CHO,TOR,CHO,1.09,2.2,4.5000000000000036
496,201701200DAL,DAL,UTA,UTA,3.13,1.91,45.49999999999999
497,201701200HOU,HOU,GSW,GSW,3.08,1.86,43.00000000000001
498,201701200MEM,MEM,SAC,MEM,2.92,4.33,96.0
499,201701200NOP,NOP,BRK,BRK,4.23,6.0,-50.0
500,201701200ORL,ORL,MIL,ORL,2.57,1.42,-50.0
501,201701210ATL,ATL,PHI,ATL,4.8,6.75,190.0
502,201701210BOS,BOS,POR,POR,2.81,4.2,-50.0
503,201701210CHI,CHI,SAC,CHI,2.31,3.6,65.5
504,201701210CHO,CHO,BRK,CHO,6.04,8.5,252.0
505,201701210CLE,CLE,SAS,SAS,1.54,2.71,-50.0
506,201701210DEN,DEN,LAC,DEN,1.8,3.0,40.0
507,201701210DET,DET,WAS,DET,1.23,2.36,11.5
508,201701210MEM,MEM,HOU,HOU,2.07,2.03,51.49999999999999
509,201701210MIA,MIA,MIL,MIA,2.27,1.15,-50.0
510,201701210NYK,NYK,PHO,PHO,1.75,2.95,-50.0
511,201701220DAL,DAL,LAL,DAL,2.05,3.3,52.49999999999999
512,201701220MIN,MIN,DEN,MIN,1.44,2.6,21.999999999999996
513,201701220ORL,ORL,GSW,GSW,19.0,11.98,549.0
514,201701230ATL,ATL,LAC,LAC,2.73,4.1,-50.0
515,201701230BRK,BRK,SAS,SAS,4.7,3.22,111.00000000000001
516,201701230CHO,CHO,WAS,WAS,2.27,3.55,-50.0
517,201701230DET,DET,SAC,SAC,2.5,3.83,-50.0
518,201701230IND,IND,NYK,NYK,1.95,3.18,-50.0
519,201701230MIA,MIA,GSW,MIA,7.75,5.52,-50.0
520,201701230MIL,MIL,HOU,MIL,2.9,1.71,-50.0
521,201701230NOP,NOP,CLE,NOP,6.1,4.31,-50.0
522,201701240DEN,DEN,UTA,DEN,1.18,2.3,8.999999999999996
523,201701240ORL,ORL,CHI,CHI,2.45,1.31,15.500000000000004
524,201701240PHI,PHI,LAC,PHI,2.8,1.62,-50.0
525,201701240PHO,PHO,MIN,MIN,2.13,1.02,1.0000000000000009
526,201701240TOR,TOR,SAS,SAS,1.29,2.43,-50.0
527,201701250BOS,BOS,HOU,BOS,2.6,1.44,-50.0
528,201701250BRK,BRK,MIA,MIA,2.28,1.16,7.9999999999999964
529,201701250CHI,CHI,ATL,ATL,2.13,1.02,1.0000000000000009
530,201701250CHO,CHO,GSW,GSW,5.7,4.0,150.0
531,201701250CLE,CLE,SAC,SAC,5.46,7.67,-50.0
532,201701250DAL,DAL,NYK,DAL,1.37,2.52,18.500000000000007
533,201701250MEM,MEM,TOR,MEM,1.91,3.13,45.49999999999999
534,201701250MIL,MIL,PHI,PHI,6.22,8.77,-50.0
535,201701250NOP,NOP,OKC,OKC,2.14,1.03,1.5000000000000013
536,201701260DEN,DEN,PHO,DEN,2.35,3.65,67.5
537,201701260MIN,MIN,IND,IND,1.4,2.55,-50.0
538,201701260OKC,OKC,DAL,OKC,4.1,5.82,154.99999999999997
539,201701270ATL,ATL,WAS,WAS,1.33,2.47,-50.0
540,201701270BOS,BOS,ORL,BOS,2.7,4.07,85.00000000000001
541,201701270CHI,CHI,MIA,MIA,2.74,4.11,-50.0
542,201701270CLE,CLE,BRK,CLE,20.27,44.21,963.5
543,201701270IND,IND,SAC,IND,1.66,2.85,32.99999999999999
544,201701270NOP,NOP,SAS,NOP,4.15,2.77,-50.0
545,201701270NYK,NYK,CHO,NYK,2.11,1.01,-50.0
546,201701270PHI,PHI,HOU,HOU,3.8,2.48,74.0
547,201701270POR,POR,MEM,POR,1.11,2.23,5.500000000000005
548,201701280CHO,CHO,SAC,SAC,2.56,3.9,-50.0
549,201701280GSW,GSW,LAC,GSW,8.35,12.11,367.5
550,201701280MIA,MIA,DET,MIA,2.55,1.4,-50.0
551,201701280MIL,MIL,BOS,BOS,1.25,2.38,-50.0
552,201701280MIN,MIN,BRK,MIN,5.45,7.65,222.5
553,201701280PHO,PHO,DEN,DEN,1.37,2.52,-50.0
554,201701290ATL,ATL,NYK,ATL,2.1,3.35,55.00000000000001
555,201701290CHI,CHI,PHI,CHI,2.55,3.89,77.49999999999999
556,201701290CLE,CLE,OKC,CLE,2.97,4.4,98.50000000000001
557,201701290IND,IND,HOU,IND,2.6,1.44,-50.0
558,201701290NOP,NOP,WAS,WAS,2.1,1.0,0.0
559,201701290POR,POR,GSW,GSW,3.4,2.14,57.00000000000001
560,201701290SAS,SAS,DAL,DAL,7.67,11.0,-50.0
561,201701300BOS,BOS,DET,BOS,2.1,3.35,55.00000000000001
562,201701300DAL,DAL,CLE,DAL,2.7,1.53,-50.0
563,201701300MIA,MIA,BRK,MIA,3.1,4.55,105.0
564,201701300MIN,MIN,ORL,MIN,3.14,4.6,107.0
565,201701300PHI,PHI,SAC,PHI,2.4,1.27,-50.0
566,201701310HOU,HOU,SAC,HOU,7.04,10.0,302.0
567,201701310POR,POR,CHO,POR,1.48,2.64,24.0
568,201701310SAS,SAS,OKC,SAS,4.0,5.7,150.0
569,201701310TOR,TOR,NOP,TOR,2.82,4.21,90.99999999999999
570,201702010BOS,BOS,TOR,BOS,2.22,3.5,61.00000000000001
571,201702010BRK,BRK,NYK,NYK,2.43,1.29,14.500000000000002
572,201702010CLE,CLE,MIN,CLE,2.31,3.6,65.5
573,201702010DAL,DAL,PHI,DAL,2.93,4.35,96.50000000000001
574,201702010DEN,DEN,MEM,MEM,2.69,1.52,26.0
575,201702010DET,DET,NOP,DET,2.82,4.21,90.99999999999999
576,201702010GSW,GSW,CHO,GSW,12.67,20.5,583.5
577,201702010MIA,MIA,ATL,MIA,1.08,2.19,4.0000000000000036
578,201702010OKC,OKC,CHI,CHI,1.3,2.44,-50.0
579,201702010ORL,ORL,IND,IND,2.4,1.27,13.5
580,201702010PHO,PHO,LAC,LAC,2.3,1.18,8.999999999999996
581,201702020HOU,HOU,ATL,ATL,4.35,6.15,-50.0
582,201702020LAC,LAC,GSW,GSW,4.33,2.92,96.0
583,201702020SAS,SAS,PHI,SAS,14.53,25.0,676.5
584,201702030BOS,BOS,LAL,BOS,5.45,7.65,222.5
585,201702030BRK,BRK,IND,IND,3.6,2.31,65.5
586,201702030DEN,DEN,MIL,DEN,1.3,2.44,15.000000000000002
587,201702030DET,DET,MIN,DET,1.69,2.88,34.5
588,201702030HOU,HOU,CHI,HOU,4.47,6.31,173.5
589,201702030OKC,OKC,MEM,OKC,2.07,2.03,-50.0
590,201702030ORL,ORL,TOR,ORL,3.05,1.84,-50.0
591,201702030POR,POR,DAL,DAL,2.33,3.62,-50.0
592,201702040ATL,ATL,ORL,ATL,2.69,4.05,84.5
593,201702040IND,IND,DET,IND,1.32,2.46,16.000000000000004
594,201702040MIA,MIA,PHI,MIA,3.69,5.3,134.5
595,201702040MIN,MIN,MEM,MEM,1.58,2.75,-50.0
596,201702040NYK,NYK,CLE,CLE,2.79,1.61,30.500000000000004
597,201702040PHO,PHO,MIL,MIL,2.15,1.04,2.0000000000000018
598,201702040SAC,SAC,GSW,SAC,3.37,5.01,118.5
599,201702040SAS,SAS,DEN,SAS,8.61,12.55,380.5
600,201702040UTA,UTA,CHO,UTA,3.26,4.75,112.99999999999999
601,201702050BOS,BOS,LAC,BOS,2.05,3.3,52.49999999999999
602,201702050BRK,BRK,TOR,TOR,3.6,2.31,65.5
603,201702060ATL,ATL,UTA,UTA,2.1,2.0,50.0
604,201702060DEN,DEN,DAL,DEN,1.26,2.39,13.0
605,201702060DET,DET,PHI,DET,3.65,5.25,132.5
606,201702060IND,IND,OKC,IND,1.81,3.02,40.5
607,201702060MEM,MEM,SAS,MEM,2.0,2.1,50.0
608,201702060MIN,MIN,MIA,MIA,2.02,2.08,-50.0
609,201702060NOP,NOP,PHO,NOP,2.11,3.37,55.49999999999999
610,201702060NYK,NYK,LAL,LAL,1.86,3.08,-50.0
611,201702060SAC,SAC,CHI,CHI,1.51,2.67,-50.0
612,201702060TOR,TOR,LAC,TOR,2.39,3.7,69.5
613,201702070CHO,CHO,BRK,CHO,4.31,6.1,165.49999999999997
614,201702070DAL,DAL,POR,POR,2.38,1.25,12.5
615,201702080ATL,ATL,DEN,ATL,1.53,2.7,26.5
616,201702080BRK,BRK,WAS,WAS,6.15,4.35,167.49999999999997
617,201702080DET,DET,LAL,DET,2.48,3.8,74.0
618,201702080GSW,GSW,CHI,GSW,17.29,33.03,814.5
619,201702080IND,IND,CLE,CLE,2.6,1.44,21.999999999999996
620,201702080MEM,MEM,PHO,MEM,2.92,4.33,96.0
621,201702080MIL,MIL,MIA,MIA,1.65,2.83,-50.0
622,201702080MIN,MIN,TOR,MIN,2.5,1.36,-50.0
623,201702080NOP,NOP,UTA,UTA,2.63,1.47,23.5
624,201702080NYK,NYK,LAC,LAC,2.08,2.02,51.0
625,201702080PHI,PHI,SAS,SAS,9.52,6.73,286.5
626,201702090CHO,CHO,HOU,HOU,2.42,1.29,14.500000000000002
627,201702090DAL,DAL,UTA,DAL,2.3,1.18,-50.0
628,201702090OKC,OKC,CLE,OKC,1.01,2.11,0.5000000000000004
629,201702090ORL,ORL,PHI,PHI,2.44,3.75,-50.0
630,201702100BRK,BRK,MIA,MIA,3.08,1.86,43.00000000000001
631,201702100DET,DET,SAS,SAS,2.93,1.73,36.5
632,201702100MEM,MEM,GSW,GSW,4.25,2.85,92.5
633,201702100MIL,MIL,LAL,LAL,1.95,3.18,-50.0
634,201702100MIN,MIN,NOP,NOP,1.73,2.93,-50.0
635,201702100NYK,NYK,DEN,DEN,1.11,2.23,-50.0
636,201702100PHO,PHO,CHI,PHO,2.67,1.51,-50.0
637,201702100SAC,SAC,ATL,SAC,2.19,1.08,-50.0
638,201702110CHO,CHO,LAC,LAC,1.27,2.4,-50.0
639,201702110CLE,CLE,DEN,CLE,6.38,9.0,269.0
640,201702110DAL,DAL,ORL,DAL,2.27,3.55,63.5
641,201702110HOU,HOU,PHO,HOU,14.53,24.99,676.5
642,201702110IND,IND,MIL,MIL,2.22,3.5,-50.0
643,201702110OKC,OKC,GSW,GSW,4.33,2.92,96.0
644,201702110PHI,PHI,MIA,PHI,2.28,1.16,-50.0
645,201702120MIN,MIN,CHI,MIN,2.46,3.78,73.0
646,201702120NYK,NYK,SAS,NYK,5.4,3.77,-50.0
647,201702120SAC,SAC,NOP,SAC,1.53,2.7,26.5
648,201702130BRK,BRK,MEM,MEM,4.95,3.42,121.0
649,201702130CHO,CHO,PHI,PHI,3.03,4.47,-50.0
650,201702130DAL,DAL,BOS,BOS,2.21,1.1,5.000000000000004
651,201702130DEN,DEN,GSW,DEN,9.0,6.38,-50.0
652,201702130IND,IND,SAS,SAS,3.03,1.82,41.0
653,201702130MIA,MIA,ORL,ORL,2.92,4.33,-50.0
654,201702130MIL,MIL,DET,MIL,1.35,2.49,17.500000000000004
655,201702130PHO,PHO,NOP,NOP,1.48,2.64,-50.0
656,201702130POR,POR,ATL,ATL,1.13,2.25,-50.0
657,201702130UTA,UTA,LAC,LAC,3.22,4.7,-50.0
658,201702140CHI,CHI,TOR,CHI,2.8,1.62,-50.0
659,201702150BOS,BOS,PHI,BOS,4.65,6.55,182.50000000000003
660,201702150BRK,BRK,MIL,MIL,3.16,1.93,46.5
661,201702150CLE,CLE,IND,CLE,2.22,3.5,61.00000000000001
662,201702150DEN,DEN,MIN,MIN,2.27,3.55,-50.0
663,201702150DET,DET,DAL,DET,1.66,2.85,32.99999999999999
664,201702150GSW,GSW,SAC,GSW,21.11,48.0,1005.5
665,201702150HOU,HOU,MIA,MIA,4.8,6.75,-50.0
666,201702150LAC,LAC,ATL,LAC,1.47,2.63,23.5
667,201702150MEM,MEM,NOP,NOP,2.95,4.37,-50.0
668,201702150OKC,OKC,NYK,OKC,2.73,4.1,86.5
669,201702150ORL,ORL,SAS,SAS,6.85,4.87,193.5
670,201702150PHO,PHO,LAL,PHO,1.6,2.78,30.000000000000004
671,201702150TOR,TOR,CHO,TOR,2.19,3.46,59.5
672,201702160CHI,CHI,BOS,CHI,2.07,2.03,-50.0
673,201702230CLE,CLE,NYK,CLE,5.09,7.15,204.5
674,201702230DET,DET,CHO,DET,1.77,2.97,38.5
675,201702230GSW,GSW,LAC,GSW,7.83,11.25,341.5
676,201702230NOP,NOP,HOU,HOU,2.53,1.38,18.999999999999993
677,201702230ORL,ORL,POR,POR,2.33,1.2,9.999999999999998
678,201702240ATL,ATL,MIA,MIA,1.27,2.4,-50.0
679,201702240CHI,CHI,PHO,CHI,2.25,3.53,62.5
680,201702240DEN,DEN,BRK,DEN,4.72,6.65,186.0
681,201702240IND,IND,MEM,IND,2.03,2.07,51.49999999999999
682,201702240LAC,LAC,SAS,SAS,2.42,1.29,14.500000000000002
683,201702240MIL,MIL,UTA,UTA,2.58,1.43,21.499999999999996
684,201702240MIN,MIN,DAL,MIN,1.49,2.65,24.5
685,201702240OKC,OKC,LAL,OKC,4.8,6.75,190.0
686,201702240PHI,PHI,WAS,PHI,5.62,3.94,-50.0
687,201702250CLE,CLE,CHI,CHI,2.27,3.55,-50.0
688,201702250DAL,DAL,NOP,DAL,2.29,1.17,-50.0
689,201702250GSW,GSW,BRK,GSW,24.99,71.0,1199.5
690,201702250HOU,HOU,MIN,HOU,7.2,10.25,310.0
691,201702250MIA,MIA,IND,MIA,1.65,2.83,32.49999999999999
692,201702250NYK,NYK,PHI,NYK,2.52,3.85,76.0
693,201702250ORL,ORL,ATL,ORL,2.66,1.5,-50.0
694,201702260DEN,DEN,MEM,MEM,1.06,2.17,-50.0
695,201702260DET,DET,BOS,BOS,2.15,1.04,2.0000000000000018
696,201702260LAC,LAC,CHO,LAC,5.06,7.11,202.99999999999997
697,201702260MIL,MIL,PHO,MIL,2.1,3.35,55.00000000000001
698,201702260OKC,OKC,NOP,OKC,2.06,3.31,53.0
699,201702260TOR,TOR,POR,TOR,1.95,3.18,47.5
700,201702270BOS,BOS,ATL,ATL,1.7,2.89,-50.0
701,201702270CLE,CLE,MIL,CLE,4.27,6.05,163.49999999999997
702,201702270DAL,DAL,MIA,DAL,2.0,2.1,50.0
703,201702270HOU,HOU,IND,IND,4.31,6.1,-50.0
704,201702270NYK,NYK,TOR,TOR,2.72,1.55,27.500000000000004
705,201702270PHI,PHI,GSW,GSW,19.0,11.98,549.0
706,201702280CHI,CHI,DEN,DEN,1.24,2.37,-50.0
707,201702280DET,DET,POR,DET,1.49,2.65,24.5
708,201702280MEM,MEM,PHO,MEM,3.77,5.4,138.5
709,201702280OKC,OKC,UTA,OKC,2.33,1.2,-50.0
710,201703010ATL,ATL,DAL,ATL,2.11,3.37,55.49999999999999
711,201703010BOS,BOS,CLE,BOS,1.12,2.24,6.000000000000005
712,201703010LAC,LAC,HOU,HOU,1.29,2.43,-50.0
713,201703010MIA,MIA,PHI,MIA,3.99,5.68,149.5
714,201703010MIL,MIL,DEN,DEN,1.67,2.86,-50.0
715,201703010NOP,NOP,DET,NOP,1.3,2.44,15.000000000000002
716,201703010ORL,ORL,NYK,NYK,1.22,2.35,-50.0
717,201703010SAC,SAC,BRK,BRK,1.22,2.35,-50.0
718,201703010SAS,SAS,IND,SAS,4.65,6.55,182.50000000000003
719,201703010TOR,TOR,WAS,WAS,1.62,2.8,-50.0
720,201703020CHI,CHI,GSW,CHI,4.05,2.69,-50.0
721,201703020PHO,PHO,CHO,PHO,2.6,1.44,-50.0
722,201703030ATL,ATL,CLE,CLE,2.34,1.21,10.499999999999998
723,201703030DAL,DAL,MEM,DAL,2.37,1.24,-50.0
724,201703030MIL,MIL,LAC,MIL,3.06,1.85,-50.0
725,201703030NOP,NOP,SAS,SAS,3.29,2.05,52.49999999999999
726,201703030ORL,ORL,MIA,ORL,2.93,1.73,-50.0
727,201703030PHI,PHI,NYK,PHI,2.26,1.14,-50.0
728,201703030PHO,PHO,OKC,PHO,2.93,1.73,-50.0
729,201703030UTA,UTA,BRK,UTA,10.0,15.03,450.0
730,201703040CHI,CHI,LAC,LAC,2.57,1.42,20.999999999999996
731,201703040DEN,DEN,CHO,CHO,1.91,3.13,-50.0
732,201703040HOU,HOU,MEM,HOU,3.38,4.9,119.0
733,201703040MIA,MIA,CLE,MIA,3.26,4.75,112.99999999999999
734,201703040MIL,MIL,TOR,MIL,1.04,2.15,2.0000000000000018
735,201703040PHI,PHI,DET,DET,3.13,1.91,45.49999999999999
736,201703040POR,POR,BRK,POR,5.16,7.25,208.0
737,201703050ATL,ATL,IND,IND,1.37,2.52,-50.0
738,201703050DAL,DAL,OKC,DAL,1.1,2.21,5.000000000000004
739,201703050NYK,NYK,GSW,GSW,7.42,5.28,214.0
740,201703050PHO,PHO,BOS,PHO,2.75,1.58,-50.0
741,201703050SAC,SAC,UTA,UTA,6.0,4.23,161.50000000000003
742,201703060ATL,ATL,GSW,GSW,3.22,1.99,49.5
743,201703060CHO,CHO,IND,CHO,1.66,2.85,32.99999999999999
744,201703060CLE,CLE,MIA,MIA,4.39,6.2,-50.0
745,201703060DEN,DEN,SAC,DEN,4.98,7.0,199.00000000000003
746,201703060DET,DET,CHI,DET,2.11,3.37,55.49999999999999
747,201703060LAC,LAC,BOS,LAC,3.0,4.43,100.0
748,201703060MEM,MEM,BRK,BRK,5.52,7.75,-50.0
749,201703060ORL,ORL,NYK,NYK,1.32,2.46,-50.0
750,201703060PHI,PHI,MIL,MIL,3.16,1.93,46.5
751,201703060SAS,SAS,HOU,SAS,1.45,2.61,22.499999999999996
752,201703070DAL,DAL,LAL,DAL,3.65,5.25,132.5
753,201703070OKC,OKC,POR,POR,2.56,3.9,-50.0
754,201703080ATL,ATL,BRK,ATL,4.5,6.35,175.0
755,201703080DEN,DEN,WAS,WAS,2.17,1.06,3.0000000000000027
756,201703080GSW,GSW,BOS,BOS,3.04,4.48,-50.0
757,201703080HOU,HOU,UTA,UTA,3.38,4.9,-50.0
758,201703080IND,IND,DET,IND,1.53,2.7,26.5
759,201703080MIA,MIA,CHO,MIA,1.53,2.7,26.5
760,201703080MIL,MIL,NYK,MIL,2.4,3.71,70.0
761,201703080MIN,MIN,LAC,MIN,2.63,1.47,-50.0
762,201703080NOP,NOP,TOR,TOR,1.42,2.57,-50.0
763,201703080ORL,ORL,CHI,ORL,2.04,2.06,52.0
764,201703090DET,DET,CLE,DET,2.86,1.67,-50.0
765,201703090MEM,MEM,LAC,LAC,1.17,2.29,-50.0
766,201703090OKC,OKC,SAS,OKC,2.34,1.21,-50.0
767,201703090PHO,PHO,LAL,LAL,2.27,3.55,-50.0
768,201703100ATL,ATL,TOR,ATL,1.35,2.49,17.500000000000004
769,201703100CHI,CHI,HOU,HOU,3.43,2.17,58.5
770,201703100CHO,CHO,ORL,CHO,4.04,5.75,152.0
771,201703100DAL,DAL,BRK,DAL,4.8,6.75,190.0
772,201703100DEN,DEN,BOS,DEN,2.38,1.25,-50.0
773,201703100MIL,MIL,IND,MIL,1.1,2.21,5.000000000000004
774,201703100MIN,MIN,GSW,MIN,3.16,1.93,-50.0
775,201703110CHO,CHO,NOP,NOP,1.43,2.58,-50.0
776,201703110DAL,DAL,PHO,PHO,1.97,3.2,-50.0
777,201703110DET,DET,NYK,DET,2.19,3.46,59.5
778,201703110LAC,LAC,PHI,LAC,11.75,18.5,537.5
779,201703110MEM,MEM,ATL,ATL,2.3,3.59,-50.0
780,201703110MIA,MIA,TOR,MIA,2.05,3.3,52.49999999999999
781,201703110MIL,MIL,MIN,MIL,1.25,2.38,12.5
782,201703110OKC,OKC,UTA,OKC,1.75,2.95,37.5
783,201703110ORL,ORL,CLE,CLE,5.11,3.54,127.0
784,201703110POR,POR,WAS,WAS,1.62,2.8,-50.0
785,201703110SAC,SAC,DEN,DEN,2.95,1.75,37.5
786,201703120BOS,BOS,CHI,BOS,2.85,4.25,92.5
787,201703120BRK,BRK,NYK,BRK,1.03,2.14,1.5000000000000013
788,201703120HOU,HOU,CLE,HOU,2.52,3.85,76.0
789,201703120IND,IND,MIA,IND,2.22,3.5,61.00000000000001
790,201703130CHO,CHO,CHI,CHI,2.73,4.1,-50.0
791,201703130DEN,DEN,LAL,DEN,7.36,10.5,318.0
792,201703130MEM,MEM,MIL,MEM,1.53,2.7,26.5
793,201703130MIN,MIN,WAS,MIN,1.25,2.38,12.5
794,201703130SAC,SAC,ORL,SAC,2.21,1.1,-50.0
795,201703130SAS,SAS,ATL,SAS,2.7,4.07,85.00000000000001
796,201703130TOR,TOR,DAL,TOR,1.8,3.0,40.0
797,201703140BRK,BRK,OKC,OKC,3.52,2.24,62.000000000000014
798,201703140CLE,CLE,DET,CLE,2.69,4.05,84.5
799,201703140GSW,GSW,PHI,GSW,18.45,37.0,872.5
800,201703140NOP,NOP,POR,NOP,1.46,2.62,23.0
801,201703150BOS,BOS,MIN,BOS,2.09,3.34,54.49999999999999
802,201703150CHI,CHI,MEM,MEM,2.35,1.22,10.999999999999998
803,201703150DET,DET,UTA,UTA,2.43,1.29,14.500000000000002
804,201703150HOU,HOU,LAL,HOU,21.73,51.0,1036.5
805,201703150IND,IND,CHO,IND,1.42,2.57,20.999999999999996
806,201703150LAC,LAC,MIL,MIL,2.73,4.1,-50.0
807,201703150MIA,MIA,NOP,MIA,2.14,3.4,57.00000000000001
808,201703150PHO,PHO,SAC,SAC,1.8,3.0,-50.0
809,201703150SAS,SAS,POR,POR,5.52,7.75,-50.0
810,201703160ATL,ATL,MEM,MEM,1.58,2.75,-50.0
811,201703160CLE,CLE,UTA,CLE,3.26,4.75,112.99999999999999
812,201703160DEN,DEN,LAC,DEN,2.05,3.3,52.49999999999999
813,201703160GSW,GSW,ORL,GSW,9.16,13.5,408.0
814,201703160NYK,NYK,BRK,BRK,1.94,3.17,-50.0
815,201703170BRK,BRK,BOS,BOS,5.05,3.5,125.0
816,201703170DET,DET,TOR,TOR,1.44,2.6,-50.0
817,201703170MIA,MIA,MIN,MIA,1.59,2.77,29.500000000000004
818,201703170NOP,NOP,HOU,NOP,3.6,2.31,-50.0
819,201703170PHI,PHI,DAL,PHI,2.96,1.76,-50.0
820,201703170PHO,PHO,ORL,ORL,1.2,2.32,-50.0
821,201703180ATL,ATL,POR,POR,1.2,2.33,-50.0
822,201703180CHI,CHI,UTA,CHI,3.45,2.18,-50.0
823,201703180CHO,CHO,WAS,CHO,1.66,2.85,32.99999999999999
824,201703180DEN,DEN,HOU,HOU,2.3,1.18,8.999999999999996
825,201703180GSW,GSW,MIL,GSW,4.61,6.5,180.50000000000003
826,201703180LAC,LAC,CLE,LAC,9.44,14.0,422.0
827,201703180MEM,MEM,SAS,MEM,2.66,1.5,-50.0
828,201703190BRK,BRK,DAL,DAL,2.95,1.75,37.5
829,201703190DET,DET,PHO,DET,6.55,9.25,277.5
830,201703190MIA,MIA,POR,POR,2.05,3.3,-50.0
831,201703190NOP,NOP,MIN,NOP,1.42,2.57,20.999999999999996
832,201703190PHI,PHI,BOS,PHI,2.95,1.75,-50.0
833,201703190SAS,SAS,SAC,SAS,11.02,17.0,501.0
834,201703200BOS,BOS,WAS,BOS,1.59,2.77,29.500000000000004
835,201703200CHO,CHO,ATL,CHO,2.19,3.46,59.5
836,201703200HOU,HOU,DEN,HOU,3.21,4.69,110.5
837,201703200IND,IND,UTA,IND,2.38,1.25,-50.0
838,201703200LAC,LAC,NYK,LAC,6.04,8.5,252.0
839,201703200OKC,OKC,GSW,GSW,2.25,1.13,6.499999999999995
840,201703210BRK,BRK,DET,BRK,2.96,1.76,-50.0
841,201703210DAL,DAL,GSW,GSW,3.05,1.84,42.00000000000001
842,201703210MIA,MIA,PHO,MIA,6.71,9.5,285.5
843,201703210MIN,MIN,SAS,SAS,2.83,1.65,32.49999999999999
844,201703210NOP,NOP,MEM,NOP,1.37,2.51,18.500000000000007
845,201703210POR,POR,MIL,MIL,1.65,2.83,-50.0
846,201703220BOS,BOS,IND,BOS,2.35,3.65,67.5
847,201703220CHI,CHI,DET,CHI,2.25,1.13,-50.0
848,201703220DEN,DEN,CLE,DEN,2.36,1.23,-50.0
849,201703220OKC,OKC,PHI,OKC,5.69,8.0,234.50000000000003
850,201703220ORL,ORL,CHO,CHO,2.79,1.61,30.500000000000004
851,201703220SAC,SAC,MIL,MIL,3.16,1.93,46.5
852,201703220UTA,UTA,NYK,UTA,6.6,9.33,280.0
853,201703230BRK,BRK,PHO,BRK,2.08,3.33,54.0
854,201703230DAL,DAL,LAC,DAL,3.13,1.91,-50.0
855,201703230MIA,MIA,TOR,TOR,1.56,2.73,-50.0
856,201703230POR,POR,NYK,POR,7.98,11.5,349.0
857,201703240BOS,BOS,PHO,BOS,20.55,45.44,977.5
858,201703240CHI,CHI,PHI,PHI,2.39,3.7,-50.0
859,201703240CHO,CHO,CLE,CLE,2.6,1.44,21.999999999999996
860,201703240GSW,GSW,SAC,GSW,20.68,46.0,984.0
861,201703240HOU,HOU,NOP,HOU,3.25,4.74,112.5
862,201703240IND,IND,DEN,DEN,1.06,2.17,-50.0
863,201703240MIL,MIL,ATL,MIL,2.5,3.83,75.0
864,201703240ORL,ORL,DET,ORL,2.34,1.21,-50.0
865,201703250CLE,CLE,WAS,WAS,2.22,3.5,-50.0
866,201703250DAL,DAL,TOR,TOR,2.01,2.09,-50.0
867,201703250LAC,LAC,UTA,LAC,1.78,2.98,39.0
868,201703250POR,POR,MIN,POR,2.31,3.6,65.5
869,201703260ATL,ATL,BRK,BRK,2.4,3.71,-50.0
870,201703260BOS,BOS,MIA,BOS,2.09,3.34,54.49999999999999
871,201703260CHO,CHO,PHO,CHO,8.61,12.55,380.5
872,201703260DEN,DEN,NOP,NOP,2.7,4.07,-50.0
873,201703260GSW,GSW,MEM,GSW,5.71,8.02,235.5
874,201703260HOU,HOU,OKC,HOU,1.95,3.18,47.5
875,201703260IND,IND,PHI,IND,3.73,5.35,136.5
876,201703260LAC,LAC,SAC,SAC,9.3,13.75,-50.0
877,201703270DAL,DAL,OKC,OKC,2.26,1.14,6.999999999999995
878,201703270NYK,NYK,DET,NYK,2.15,1.04,-50.0
879,201703270SAC,SAC,MEM,SAC,3.7,2.39,-50.0
880,201703270SAS,SAS,CLE,SAS,1.75,2.95,37.5
881,201703270TOR,TOR,ORL,TOR,2.85,4.25,92.5
882,201703280ATL,ATL,PHO,ATL,4.8,6.75,190.0
883,201703280BRK,BRK,PHI,PHI,1.6,2.78,-50.0
884,201703280CHO,CHO,MIL,MIL,1.58,2.75,-50.0
885,201703280DET,DET,MIA,MIA,2.4,1.27,13.5
886,201703280HOU,HOU,GSW,GSW,1.1,2.21,-50.0
887,201703280IND,IND,MIN,MIN,1.64,2.82,-50.0
888,201703290BOS,BOS,MIL,MIL,2.7,4.07,-50.0
889,201703290LAC,LAC,WAS,LAC,2.52,3.85,76.0
890,201703290MEM,MEM,IND,MEM,1.62,2.8,31.000000000000007
891,201703290NOP,NOP,DAL,NOP,2.19,3.46,59.5
892,201703290NYK,NYK,MIA,MIA,2.3,1.18,8.999999999999996
893,201703290ORL,ORL,OKC,OKC,3.1,1.88,43.99999999999999
894,201703290PHI,PHI,ATL,ATL,2.44,1.3,15.000000000000002
895,201703290SAC,SAC,UTA,UTA,4.55,3.1,105.0
896,201703290SAS,SAS,GSW,GSW,1.66,2.85,-50.0
897,201703300CHI,CHI,CLE,CHI,3.2,1.97,-50.0
898,201703300DET,DET,BRK,DET,2.44,3.75,72.0
899,201703300MIN,MIN,LAL,MIN,6.38,9.0,269.0
900,201703300PHO,PHO,LAC,LAC,6.5,4.61,180.50000000000003
901,201703310BOS,BOS,ORL,BOS,5.16,7.25,208.0
902,201703310CHO,CHO,DEN,CHO,1.24,2.37,12.0
903,201703310CLE,CLE,PHI,CLE,8.74,12.77,387.0
904,201703310GSW,GSW,HOU,GSW,3.42,4.96,121.0
905,201703310MEM,MEM,DAL,MEM,1.42,2.57,20.999999999999996
906,201703310MIA,MIA,NYK,NYK,4.98,7.0,-50.0
907,201703310MIL,MIL,DET,MIL,2.64,4.0,82.0
908,201703310NOP,NOP,SAC,NOP,6.22,8.77,261.0
909,201703310OKC,OKC,SAS,SAS,2.45,1.31,15.500000000000004
910,201703310TOR,TOR,IND,TOR,1.85,3.06,42.50000000000001
911,201704010BRK,BRK,ORL,BRK,1.5,2.66,25.0
912,201704010CHI,CHI,ATL,CHI,1.86,3.07,43.00000000000001
913,201704010LAC,LAC,LAL,LAC,11.98,19.0,549.0
914,201704010MIN,MIN,SAC,SAC,6.51,9.2,-50.0
915,201704020BRK,BRK,ATL,BRK,2.63,1.47,-50.0
916,201704020CLE,CLE,IND,CLE,3.3,4.8,114.99999999999999
917,201704020GSW,GSW,WAS,GSW,4.23,6.0,161.50000000000003
918,201704020MIA,MIA,DEN,DEN,1.46,2.62,-50.0
919,201704020MIL,MIL,DAL,DAL,2.22,3.5,-50.0
920,201704020NOP,NOP,CHI,CHI,3.18,4.65,-50.0
921,201704020NYK,NYK,BOS,BOS,4.33,2.92,96.0
922,201704020OKC,OKC,CHO,CHO,1.86,3.08,-50.0
923,201704020PHO,PHO,HOU,HOU,4.1,2.73,86.5
924,201704020SAS,SAS,UTA,SAS,1.8,3.0,40.0
925,201704040CLE,CLE,ORL,CLE,5.2,7.3,210.0
926,201704040GSW,GSW,MIN,GSW,11.98,19.0,549.0
927,201704040IND,IND,TOR,IND,1.34,2.48,17.000000000000004
928,201704040NOP,NOP,DEN,DEN,1.37,2.52,-50.0
929,201704040NYK,NYK,CHI,NYK,2.85,1.66,-50.0
930,201704040OKC,OKC,MIL,OKC,2.15,3.41,57.49999999999999
931,201704040PHI,PHI,BRK,BRK,2.25,1.13,6.499999999999995
932,201704040SAC,SAC,DAL,SAC,2.35,1.22,-50.0
933,201704040SAS,SAS,MEM,SAS,3.71,5.32,135.5
934,201704040UTA,UTA,POR,UTA,2.06,3.31,53.0
935,201704050BOS,BOS,CLE,CLE,1.51,2.67,-50.0
936,201704050CHO,CHO,MIA,MIA,1.32,2.46,-50.0
937,201704050DET,DET,TOR,TOR,2.47,1.33,16.500000000000004
938,201704050HOU,HOU,DEN,HOU,2.85,4.25,92.5
939,201704050LAC,LAC,DAL,LAC,6.04,8.5,252.0
940,201704050MEM,MEM,OKC,OKC,2.38,1.25,12.5
941,201704050PHO,PHO,GSW,GSW,5.6,3.93,146.5
942,201704060ATL,ATL,BOS,ATL,2.13,1.02,-50.0
943,201704060IND,IND,MIL,IND,1.74,2.94,37.0
944,201704060NYK,NYK,WAS,WAS,3.42,2.16,58.00000000000001
945,201704060ORL,ORL,BRK,ORL,1.03,2.14,1.5000000000000013
946,201704060PHI,PHI,CHI,CHI,3.5,2.22,61.00000000000001
947,201704070CLE,CLE,ATL,ATL,12.89,21.0,-50.0
948,201704070DAL,DAL,SAS,SAS,1.8,3.0,-50.0
949,201704070DEN,DEN,NOP,DEN,2.52,3.85,76.0
950,201704070HOU,HOU,DET,DET,5.34,7.5,-50.0
951,201704070MEM,MEM,NYK,MEM,8.28,12.0,363.99999999999994
952,201704070PHO,PHO,OKC,PHO,5.5,3.85,-50.0
953,201704070TOR,TOR,MIA,TOR,1.66,2.85,32.99999999999999
954,201704080BRK,BRK,CHI,BRK,2.6,1.44,-50.0
955,201704080CHO,CHO,BOS,BOS,1.04,2.15,-50.0
956,201704080GSW,GSW,NOP,GSW,15.11,26.55,705.5
957,201704080ORL,ORL,IND,IND,2.83,1.65,32.49999999999999
958,201704080PHI,PHI,MIL,MIL,3.7,2.39,69.5
959,201704080POR,POR,UTA,POR,1.22,2.35,10.999999999999998
960,201704080SAS,SAS,LAC,LAC,1.12,2.24,-50.0
961,201704090ATL,ATL,CLE,ATL,2.83,1.65,-50.0
962,201704090DEN,DEN,OKC,OKC,2.02,3.26,-50.0
963,201704090MEM,MEM,DET,DET,2.04,3.28,-50.0
964,201704090NYK,NYK,TOR,TOR,5.7,4.0,150.0
965,201704090PHO,PHO,DAL,PHO,1.22,2.35,10.999999999999998
966,201704100BOS,BOS,BRK,BOS,5.16,7.25,208.0
967,201704100CHI,CHI,ORL,CHI,3.11,4.57,105.5
968,201704100DET,DET,WAS,WAS,1.87,3.09,-50.0
969,201704100GSW,GSW,UTA,UTA,4.23,6.0,-50.0
970,201704100LAC,LAC,HOU,LAC,3.46,5.0,123.0
971,201704100MIA,MIA,CLE,MIA,5.0,7.03,200.0
972,201704100MIL,MIL,CHO,MIL,2.18,3.45,59.00000000000001
973,201704100PHI,PHI,IND,IND,4.57,3.11,105.5
974,201704110ATL,ATL,CHO,ATL,2.89,4.3,94.5
975,201704110DAL,DAL,DEN,DEN,1.18,2.3,-50.0
976,201704110MIN,MIN,OKC,OKC,2.56,3.9,-50.0
977,201704120BOS,BOS,MIL,BOS,9.44,14.0,422.0
978,201704120CHI,CHI,BRK,CHI,11.26,17.5,513.0
979,201704120CLE,CLE,TOR,TOR,2.64,1.48,24.0
980,201704120GSW,GSW,LAL,GSW,6.97,9.89,298.5
981,201704120HOU,HOU,MIN,HOU,3.1,4.55,105.0
982,201704120IND,IND,ATL,IND,11.93,18.88,546.5
983,201704120LAC,LAC,SAC,LAC,21.73,51.0,1036.5
984,201704120MEM,MEM,DAL,DAL,3.21,4.69,-50.0
985,201704120MIA,MIA,WAS,MIA,4.5,6.35,175.0
986,201704120NYK,NYK,PHI,NYK,1.38,2.53,18.999999999999993
987,201704120OKC,OKC,DEN,DEN,2.03,3.27,-50.0
988,201704120ORL,ORL,DET,ORL,1.05,2.16,2.500000000000002
989,201704120POR,POR,NOP,NOP,2.22,3.5,-50.0
990,201704150CLE,CLE,IND,CLE,4.2,5.95,160.0
991,201704150LAC,LAC,UTA,UTA,2.1,3.35,-50.0
992,201704150SAS,SAS,MEM,SAS,4.16,5.9,158.0
993,201704160BOS,BOS,CHI,CHI,2.56,3.9,-50.0
994,201704160GSW,GSW,POR,GSW,14.91,26.0,695.5
995,201704160HOU,HOU,OKC,HOU,2.77,4.15,88.5
996,201704170CLE,CLE,IND,CLE,3.9,5.57,145.0
997,201704180BOS,BOS,CHI,CHI,2.81,4.2,-50.0
998,201704180LAC,LAC,UTA,LAC,4.08,5.8,154.0
999,201704190GSW,GSW,POR,GSW,5.87,8.25,243.5
1000,201704190HOU,HOU,OKC,HOU,2.92,4.33,96.0
1001,201704200IND,IND,CLE,CLE,2.14,1.03,1.5000000000000013
1002,201704200MEM,MEM,SAS,MEM,2.64,1.48,-50.0
1003,201704210CHI,CHI,BOS,BOS,2.33,1.2,9.999999999999998
1004,201704210OKC,OKC,HOU,OKC,1.26,2.39,13.0
1005,201704220ATL,ATL,WAS,ATL,1.25,2.38,12.5
1006,201704220MEM,MEM,SAS,MEM,3.18,1.95,-50.0
1007,201704220MIL,MIL,TOR,TOR,1.19,2.31,-50.0
1008,201704230CHI,CHI,BOS,BOS,2.18,1.07,3.500000000000003
1009,201704230IND,IND,CLE,CLE,2.7,1.53,26.5
1010,201704230OKC,OKC,HOU,HOU,1.02,2.13,-50.0
1011,201704240ATL,ATL,WAS,ATL,1.27,2.4,13.5
1012,201704240POR,POR,GSW,GSW,5.5,3.85,142.5
1013,201704250HOU,HOU,OKC,HOU,3.05,4.5,102.49999999999999
1014,201704250LAC,LAC,UTA,UTA,1.37,2.52,-50.0
1015,201704260BOS,BOS,CHI,BOS,3.21,4.69,110.5
1016,201704270MEM,MEM,SAS,SAS,3.04,1.83,41.5
1017,201704280ATL,ATL,WAS,WAS,1.36,2.5,-50.0
1018,201704280CHI,CHI,BOS,BOS,2.52,1.37,18.500000000000007
1019,201704300BOS,BOS,WAS,BOS,1.58,2.75,29.000000000000004
1020,201705010CLE,CLE,TOR,CLE,2.7,4.07,85.00000000000001
1021,201705020BOS,BOS,WAS,BOS,1.8,3.0,40.0
1022,201705030CLE,CLE,TOR,CLE,3.0,4.43,100.0
1023,201705040GSW,GSW,UTA,GSW,11.26,17.5,513.0
1024,201705050HOU,HOU,SAS,SAS,2.0,3.24,-50.0
1025,201705070HOU,HOU,SAS,HOU,1.85,3.06,42.50000000000001
1026,201705070TOR,TOR,CLE,CLE,3.75,2.44,72.0
